ssrf-agent,<1.0.5
@factor/plugin-forum,>=1.3.3
@factor/cli,>=1.1.0 <3.0.1
@theia/plugin-ext,<1.18.0
terminal-kit,<2.1.8
@openzeppelin/contracts-upgradeable,>=4.2.0 <4.3.3
@openzeppelin/contracts,>=4.2.0 <4.3.3
@factor/plugin-forum,>=1.3.8
@factor/plugin-forum,>=1.3.5
@openzeppelin/contracts-upgradeable,>=4.1.0 <4.3.2
@openzeppelin/contracts,>=4.1.0 <4.3.2
json-schema,<0.4.0
@xvideos/alerts,*
@pornhub/alerts,*
@cyyynthia/tokenize,<1.1.3
natural,<5.1.11
uswds,<2.12.2
uglify-js,<3.14.3
starkbank-ecdsa,<1.1.3
graphql-playground-react,<1.7.28
apollo-server,<2.25.3
apostrophe,>=2.63.0 <3.4.0
gethue,<4.10.1
apostrophe,>=2.63.0 <3.4.0
nodebb,*
@sap-cloud-sdk/core,<1.52.0
graphiql,>=0.5.0 <1.4.7
electron,>=14.0.0 <14.2.0
electron,>=14.0.0 <14.2.0
obsidian-dataview,*
rc,>1.2.8
coa,>2.0.2
@grafana/data,<8.2.3
nbdime-jupyterlab,<1.0.1
nbdime,<5.0.2
electron,>=14.0.0 <14.1.1
electron,>=14.0.0 <14.1.1
electron,>=14.0.0 <14.1.1
electron,>=14.0.0 <14.1.1
tinymce,<5.10.0
tempura,<0.4.0
jsonpointer,<5.0.0
json-ptr,<3.0.0
json-pointer,*
dotty,<0.1.2
bootstrap-table,<1.19.1
@brikcss/merge,*
electron,<12.2.2
docker-cli-js,*
aaptjs,*
portainer,*
froala-editor,*
ramda,*
noblox.js-proxy,*
noblox.js-proxies,*
jquery-ui,<1.13.0
jquery-ui,<1.13.0
jquery-ui,<1.13.0
tinymce,<5.9.0
conventional-commits-parser,<3.2.3
pekeupload,*
ua-parser-js,>=1.0.0 <1.0.1
shell-quote,<1.7.3
modern-async,<1.0.4
klow,*
okhsa,*
klown,*
kindeditor,*
xss,<1.0.10
otp-generator,<3.0.0
git,*
x-assign,*
@backstage/plugin-scaffolder-backend,>=0.9.4 <0.15.9
kindeditor,*
vm2,<3.9.4
uppy,<1.26.1
class-validator,*
fastify-static,>=4.2.4 <4.4.1
electron,>=10.1.0 <11.5.0
@redocly/openapi-cli,<1.0.0-beta.59
llhttp,*
llhttp,*
keypair,<1.0.4
prompts,<2.4.2
config-handler,*
teddy,<0.5.9
fastify-static,<4.2.4
parse-server,<4.10.4
electron,>=13.0.0 <13.5.1
electron,>=14.0.0 <14.1.0
hermes-engine,<0.8.0
kindeditor,*
kindeditor,*
handsontable,<10.0.0
electron,>=13.0.0 <13.5.0
electron,>=13.0.0 <13.5.0
electron,>=13.0.0 <13.5.0
electron,>=13.0.0 <13.5.0
electron,>=13.0.0 <13.5.0
electron,>=13.0.0 <13.5.0
electron,>=13.0.0 <13.5.0
jsoneditor,<9.5.6
i,<0.3.7
datatables.net,<1.11.3
ghost,>=4.0.0 <4.15.1
@asyncapi/modelina,*
ssh2,<1.0.0
ghost,<4.15.0
bento4,*
jointjs,<3.4.2
edge.js,<5.3.2
zrender,<5.2.1
materialize-css,*
ethers,>=5.2.0 <5.4.7
code-server,<3.12.0
nth-check,<2.0.1
matrix-js-sdk,<12.4.1
stylelint,<14.0.0
semver-regex,<3.1.3
@openzeppelin/contracts-upgradeable,>=4.1.0 <4.3.2
@openzeppelin/contracts,>=4.1.0 <4.3.2
taro,*
@cookiex/deep,*
object-path,>=0.11.0 <0.11.8
@vuelidate/validators,<2.0.0-alpha.22
tmpl,<1.0.5
prismjs,<1.25.0
code-oss-dev,*
accessibility-insights-web,*
matrix-js-sdk,<12.4.1
semver-regex,>=4.0.0 <4.0.1
colors-cli,<1.0.28
ansi-regex,>=6.0.0 <6.0.1
body-parser-xml,<2.0.3
set-value,>=3.0.0 <4.0.1
@viking04/merge,<1.0.2
parse-server,>=4.6.0 <4.10.0
remark-html,>=14.0.0 <14.0.1
rebber,<5.2.1
gun,<0.2019.416
objection,<3.0.0-alpha.5
file-upload-with-preview,<4.2.0
@theia/mini-browser,>=0.3.9 <1.9.0
parse-server,<4.10.3
atlasboard,<1.1.9
mpath,<0.8.4
detect-character-encoding,<0.3.1
axios,<0.21.3
immer,<9.0.6
tar,>=6.0.0 <6.1.7
tar,>=6.0.0 <6.1.9
tar,>=6.0.0 <6.1.9
@npmcli/arborist,<2.8.2
@npmcli/arborist,<2.8.2
next,>=10.0.0 <11.1.1
passport-saml,<3.1.0
object-path,<0.11.6
@openzeppelin/contracts,>=4.0.0-beta.0 <4.3.1
@openzeppelin/contracts-upgradeable,>=4.0.0-beta.0 <4.3.1
detect-character-encoding,<0.7.0
ced,<1.0.0
startserver,*
joplin,<2.3.2
transpile,*
pac-resolver,<5.0.0
mootools,*
parse-server,<4.5.1
proto,*
@diez/generation,*
string-kit,<0.12.8
ioredis,<4.27.8
ansi-html,*
trim-off-newlines,<1.0.3
hbs,*
ckeditor4,<4.16.2
ckeditor4,<4.16.2
ckeditor4,<4.16.2
@github/paste-markdown,<0.3.4
express-cart,<1.1.11
next,<11.1.0
@asyncapi/java-spring-cloud-stream-template,<0.7.0
merge-change,*
serverless-offline,*
@liquity/contracts,*
@npmcli/git,<2.0.8
terriajs-server,<2.7.4
tar,>=6.0.0 <6.1.4
open-graph,<0.2.6
think-config,<1.1.3
electron,>=13.0.0 <13.1.8
electron,>=12.0.0 <12.0.16
electron,>=12.0.0 <12.0.16
electron,>=13.0.0 <13.1.8
electron,>=12.0.0 <12.0.16
electron,>=12.0.0 <12.0.16
electron,>=13.0.0 <13.1.8
electron,>=12.0.0 <12.0.16
tar,<3.2.2
tar,<3.2.3
joplin,<2.1.1
grapesjs,<0.17.22
isomorphic-git,<1.8.2
acookie,*
vscode-npm-script,*
firebase-extensions,*
xmldom,*
curly-bracket-parser,*
deepmergefn,*
url-parse,<1.5.2
video.js,<7.14.3
jszip,<3.7.0
gitlogplus,*
ghost,>=4.0.0 <4.10.0
anchorme,*
glob-parent,>=6.0.0 <6.0.1
froala-editor,<3.2.7
tui-editor,*
@toast-ui/editor,<3.0.2
hey-sven,*
nightscout,*
gatsby-source-wordpress,<4.0.8
urijs,<1.19.7
urijs,<1.19.7
umeditor,*
xo-server,*
xo-web,*
wp-calypso,*
putil-merge,<3.7.0
just-safe-set,>=1.0.0 <2.2.2
electron,>=12.0.0-beta.1 <12.0.14
electron,>=12.0.0 <12.0.14
total4,<0.0.43
total.js,<3.4.9
d3-color,*
stellar-sdk,<8.2.3
jsoneditor,<2.2.2
record-like-deep-assign,*
ts-nodash,<1.2.7
electron,>=12.0.0 <12.0.13
think-helper,<1.1.3
electron,>=12.0.0-beta.1 <12.0.12
electron,>=12.0.0-beta.1 <12.0.13
electron,>=12.0.0-beta.1 <12.0.12
@toast-ui/editor,<3.0.2
electron,>=12.0.0 <12.0.13
prismjs,<1.24.0
electron,>=12.0.0 <12.0.13
noble,*
mermaid,<8.11.0
nodemailer,<6.6.1
wincred,*
@auth0/nextjs-auth0,<1.4.1
is-email,<1.0.1
@backstage/techdocs-common,<0.6.5
aurelia-path,<1.1.7
find-process,<1.4.5
react-bootstrap-table,*
mongo-express,<1.0.0-alpha.4
striptags,<3.2.0
@apollo/client,<3.4.0-rc.2
@ianwalter/merge,*
xlsx,<0.17.0
xlsx,<0.17.0
lutils,*
xlsx,<0.17.0
@apollosproject/data-connector-rock,<2.20.0
matrix-appservice-bridge,<2.6.1
valine,*
hermes-engine,<0.7.0
tenvoy,<7.0.3
@scandipwa/magento-scripts,>=1.5.1 <1.5.3
nedb,*
total.js,<3.3.0-13
ckeditor4,>=4.14.0 <4.16.1
expand-hash,*
set-getter,*
reg-keygen-git-hash-plugin,<0.10.16
apexcharts,<3.27.0
nestie,<1.0.2
calipso,*
polished,<3.7.2
auth0-lock,<11.30.1
locutus,<2.0.15
nestie,<1.0.1
@backstage/techdocs-common,<0.6.3
@backstage/plugin-techdocs,<0.9.5
@backstage/techdocs-common,<0.6.4
electron,>=12.0.0-beta.1 <12.0.10
electron,>=12.0.0-beta.1 <12.0.10
electron,>=12.0.0-beta.1 <12.0.10
electron,>=12.0.0-beta.1 <12.0.10
electron,>=12.0.0-beta.1 <12.0.10
electron,>=12.0.0-beta.1 <12.0.10
electron,>=12.0.0-beta.1 <12.0.10
@aws-crypto/decrypt-node,>=2.0.0 <2.2.0
@aws-crypto/decrypt-browser,>=2.0.0 <2.2.0
react-native,>=0.63.0-rc.0 <0.64.1
layui-src,<2.6.8
layui,<2.6.8
forms,<1.2.1
trim-newlines,<3.0.1
tinymce,<5.7.1
css-what,<5.0.1
@floffah/build,<1.0.0
node-static,*
node-static,*
json-ptr,<2.1.0
js-extend,*
nconf-toml,*
ws,>=7.0.0 <7.4.6
@keystonejs/keystone,*
@ronomon/opened,<1.5.2
normalize-url,>=6.0.0 <6.0.1
dns-packet,<1.3.4
matrix-react-sdk,<3.21.0
vmd,*
@shopify/koa-shopify-auth,>=3.1.61 <3.1.63
express-hbs,*
haml-coffee,*
squirrelly,*
koa-remove-trailing-slashes,<2.0.2
trailing-slash,<2.0.1
aurelia-templating-resources,*
fastify-csrf,<3.1.0
101,*
deep-override,<1.0.2
vconsole,<3.5.2
strapi,*
fastify-multipart,<1.0.5
git-parse,<1.0.5
backbone-query-parameters,*
frappe-charts,*
highcharts,<9.0.0
is-svg,>=2.1.0 <4.3.0
exiftool-vendored.exe,<12.25.0
exiftool-vendored.pl,<12.25.0
handlebars,<4.7.7
path-parse,<1.0.7
ngx-markdown-editor,<3.3.3
mixme,<0.5.2
@rkesters/gnuplot,<0.1.0
cumulative-distribution-function,<2.0.0
electron,<10.4.4
electron,<10.4.4
electron,<10.4.4
electron,<10.4.4
ghost,>=4.0.0 <4.3.3
cypress,<7.2.0
confidence,>=4.0.0 <5.0.1
electron,<10.4.4
domify,<1.4.1
electron,<10.4.4
electron,>=11.0.0 <11.4.4
electron,>=11.0.0 <11.4.4
electron,>=11.0.0 <11.4.4
electron,>=11.0.0 <11.4.4
browserslist,>=4.0.0 <4.16.5
safe-flat,>=2.0.0 <2.0.2
safe-obj,*
vconsole,<3.4.1
react-draft-wysiwyg,<1.14.6
oauth2-server,*
validator,<13.6.0
validator,<13.7.0
validator,<13.6.0
dustjs-linkedin,<3.0.0
validator,<13.6.0
purl,*
redis,>=2.6.0 <3.1.1
xmlhttprequest-ssl,<1.6.1
jquery-bbq,*
jquery-query-object,*
jquery-deparam,*
mootools-more,*
postcss,>=8.0.0 <8.2.13
electron,>=12.0.0 <12.0.5
electron,>=12.0.0 <12.0.5
electron,>=12.0.0 <12.0.5
jose-node-esm-runtime,<3.11.4
jose-browser-runtime,<3.11.4
@curveball/a12n-server,>=0.18.0 <0.18.2
meteor,<2.2.0
ffmpegdotjs,*
onion-oled-js,*
ps-visitor,*
psnode,*
killing,*
editor.md,*
roar-pidusage,*
picotts,*
portkiller,*
jose-node-cjs-runtime,<3.11.4
jose,<1.28.1
ssri,>=5.2.2 <6.0.2
@azure/ms-rest-nodeauth,<3.0.8
@nextcloud/dialogs,<3.1.2
@theia/mini-browser,>=0.3.9 <0.16.0
jsreport,<2.6.0
set-deep-prop,*
web-browserify,*
mongo-express,*
postcss,>=7.0.0 <7.0.36
shvl,<2.0.3
chrono-node,<2.2.4
swiper,<6.5.1
systeminformation,<5.6.11
jsrsasign,<10.1.13
projen,>=0.6.0 <0.16.41
mongodb-js-metrics,<6.0.0
systeminformation,<5.6.4
@prisma/sdk,<2.20.0
@ckeditor/ckeditor5-widget,<27.0.0
@ckeditor/ckeditor5-paste-from-office,<27.0.0
@ckeditor/ckeditor5-media-embed,<27.0.0
@ckeditor/ckeditor5-markdown-gfm,<27.0.0
@ckeditor/ckeditor5-list,<27.0.0
@ckeditor/ckeditor5-image,<27.0.0
@ckeditor/ckeditor5-font,<27.0.0
@ckeditor/ckeditor5-engine,<27.0.0
isolated-vm,<4.0.0
froala-editor,<3.2.7
node-etsy-client,<0.3.0
docsify,>=4.12.0
portprocesses,<1.0.5
@thi.ng/egf,<0.4.0
mquery,<3.2.5
netmask,<2.0.1
kill-by-port,<0.0.2
underscore,>=1.13.0-0 <1.13.0-2
yapi-vendor,<1.10.1
electron,<10.4.2
electron,<10.4.2
electron,<10.4.3
electron,<10.4.2
electron,<10.4.1
electron,<10.4.1
mongoose,<5.12.2
hosted-git-info,>=3.0.0 <3.0.8
copy-props,<2.0.5
json,<11.0.0
killport,<1.0.2
convict,<6.0.1
es6-crawler-detect,<3.1.3
schema-inspector,<2.0.0
redash,*
eslint-fixer,*
shescape,<1.1.3
wazuh,<4.0.4
patchmerge,<1.0.2
port-killer,*
electron,>=11.0.0-beta.1 <11.4.0
electron,>=11.0.0-beta.1 <11.4.0
electron,>=11.0.0-beta.1 <11.4.0
electron,>=11.0.0-beta.1 <11.4.0
electron,>=11.0.0-beta.1 <11.4.0
node-dig,*
@lyngs/digger,*
@lyngs/merge,*
kill-process-by-name,*
ps-kill,*
@wiptheia/core,*
is-svg,>=2.1.0 <4.2.2
plain-object-merge,<1.0.2
msgpack5,>=5.0.0 <5.2.1
@solid/identity-token-verifier,<0.5.2
nobelprizeparser,*
highcharts-export-server,<2.1.0
@wiptheia/core,*
mongo-express,<1.0.0-alpha.2
printf,<0.6.1
color-string,<1.5.5
style-dictionary,<2.10.3
changeset,>=0.1.0 <0.2.6
xmldom,<0.5.0
react-dev-utils,<11.0.4
jspdf,<2.3.1
shiba,<1.1.1
botframework-connector,>=4.10.0 <4.10.3
moemark,*
madge,<4.0.1
ghost,<3.41.1
paychex-framework-approvals,*
paychex-framework-core-ui,*
paychex-framework,*
paychex-app-common-html,*
paychex-common-npm,*
paychex-framework-forms,*
ansi_up,>=4.0.3 <5.0.0
rcenodejs,*
xmlhttprequest,<1.7.0
xmlhttprequest-ssl,<1.6.2
alasql,<0.7.0
msgpack5,>=5.0.0 <5.2.1
radar-cms,*
total.js,<3.4.8
systeminformation,<5.3.4
lyft-dataset-sdk,*
zg-rentals,*
amzn,*
serverless-slack-app,*
fastify-reply-from,<4.0.2
fastify-http-proxy,<4.3.1
matrix-react-sdk,<3.15.0
object-collider,>=1.0.0 <1.0.4
html-parse-stringify,<2.0.1
html-parse-stringify2,*
prototyped.js,<2.0.1
pug-code-gen,<2.0.3
pug,<3.0.1
@node-red/runtime,<1.2.8
@node-red/editor-api,<1.2.8
@node-red/runtime,<1.2.8
rfc6902,*
mongodb-client-encryption,<1.2.1
restify-paginate,*
nunjucks,<3.2.3
@theia/preview,<1.3.0
theme-core,*
wc-cmd,*
geojson2kml,*
merge,<2.1.1
rendertron,<3.0.0
urijs,<1.19.6
url-parse,<1.5.0
@stoplight/markdown,<2.11.0
png-img,<3.1.0
tree-kit,<0.7.0
@progfay/scrapbox-parser,<6.0.3
docsify,<4.12.1
prismjs,<1.23.0
label-studio,<0.9.1
admin-lte,<3.1.0
i18next,<19.8.5
adm-zip,<0.5.2
handlebars,<4.7.7
lodash,<4.17.21
lodash.template,*
lodash,<4.17.21
systeminformation,<4.34.11
systeminformation,<4.34.10
get-ip-range,<4.0.0
ua-parser-js,<0.7.24
next-auth,<3.3.0
ftp-srv,<4.4.0
samba-client,<4.0.0
is-user-valid,*
@angular/core,<11.0.5
spritesheet-js,*
apexcharts,<3.24.0
macfromip,*
node-ps,*
sanitize-html,<2.3.1
set-or-get,>=1.0.0 <1.2.11
gitlog,>=3.3.0 <4.0.4
marked,>=1.1.2 <2.0.0
dynamoose,>=2.0.0 <2.7.0
sanitize-html,<2.3.2
slashify,*
highcharts,<9.0.0
merge-deep,<3.0.3
decal,*
decal,*
jquerry,*
http-proxy-middelware,*
ngx-markdown-editor,<3.3.0
electron,<9.4.2
electron,<9.4.2
uap-core,<0.11.0
dotty,<0.1.1
electron,<9.4.2
tui-editor,*
elliptic,<6.5.4
freediskspace,*
thinkjs,*
angular-expressions,<1.1.2
vue-devtools,*
launchpad,*
kill-process-on-port,*
@ckeditor/ckeditor5-markdown-gfm,<25.0.0
nested-object-assign,<1.0.4
less-openui5,<0.10.0
iniparserjs,*
electron,<9.4.0
three,<0.125.0
ghost,<2.38.3
total.js,<3.4.7
total.js,<3.4.7
config-shield,<0.2.3
@openzeppelin/contracts,<3.4.0-rc.0
node-red-contrib-huemagic,*
node-red-dashboard,<2.26.2
ckeditor4-dev,<4.16.0
rsshub,<1.0.0-master.4db1c91
heroku-env,*
ffmpeg-sdk,*
gitblame,*
npm-help,*
xopen,*
sonar-wrapper,*
async-git,<1.13.2
ntesseract,<0.2.9
deferred-exec,*
npos-tesseract,*
electron,>=10.0.0-beta.1 <11.2.1
electron,>=10.0.0-beta.1 <11.2.1
electron,>=10.0.0-beta.1 <11.2.1
vis-timeline,<7.4.4
async-git,<1.13.1
node-latex-pdf,*
lycwed-spritesheetjs,*
monorepo-build,*
git-archive,*
s3-kilatstorage,*
curljs,*
get-npm-package-version,<1.0.7
an0n-chat-lib,*
discord-fix,*
sonatype,*
ejs,<3.1.6
@graphql-tools/git-loader,<6.2.6
jointjs,<3.3.0
jointjs,<3.3.0
fastify-csrf,<3.0.0
gsap,<3.6.0
immer,<8.0.1
jquery-validation,<1.19.3
arpping,<3.0.0
curling,*
imagickal,*
dy-server2,*
@aws-sdk/shared-ini-file-loader,<1.0.0-rc.9
aws-sdk,<2.814.0
properties-reader,<2.2.0
electron,<9.4.1
electron,<9.4.1
glob-parent,<5.1.2
node-sass,>=2.0.0
engine.io,<4.0.0
socket.io-parser,<3.3.2
buns,*
ts-process-promises,*
socket.io,<2.4.0
typescript-tslint-plugin,<1.0.0
tinymce,<5.6.0
image-tiler,<2.0.2
@scullyio/scully,<1.0.9
google-cloudstorage-commands,*
asciitable.js,<1.0.3
djv,<2.1.4
vega,<5.17.3
urijs,<1.19.4
libnested,*
flattenizer,>=0.0.5 <1.1.1
set-object-value,<0.0.6
predefine,*
dset,>=1.0.0 <2.1.0
shvl,>=1.0.0 <2.0.2
deep-set,>=1.0.0
getobject,<1.0.0
ion-parser,*
js-ini,<1.3.0
inireader,<2.0.0
parse-server,>=3.10.0 <4.5.0
node-ini,*
semver-regex,<3.1.2
date-and-time,<0.14.2
doiuse,<4.4.0
vega,<5.17.1
multi-ini,<2.1.1
nodebb-plugin-blog-comments,<0.7.0
multi-ini,<2.1.2
@sdscoep/web-review,*
ng-zorro-antd,<11.0.0
datatables.net,<1.10.23
connection-tester,<0.2.1
electron,<9.4.1
markdown-it-decorate,*
frappe-charts,<1.5.5
markdown-it-toc,*
jiff,*
props,*
js-data,<3.0.10
systeminformation,<4.31.1
conf-cfg-ini,<1.2.2
mout,*
ua-parser-js,<0.7.23
liveaddress,*
rxdb,<9.11.0
mquery,<3.2.3
electron,>=10.0.0-beta.1 <10.2.0
electron,<9.4.0
mavon-editor,<2.9.0
node-notifier,<5.4.5
corenlp-js-prefab,*
corenlp-js-interface,*
ini,<1.3.6
deepref,<1.2.1
fast-csv,<4.3.6
@fast-csv/parse,<4.3.6
react-adal,<0.5.1
ckeditor4-dev,<4.15.1
highlight.js,>=9.0.0 <10.4.1
html-purify,*
keyget,<2.3.0
set-in,<2.0.1
cordova-plugin-camera,<5.0.0
electron,>=10.0.0-beta.1 <10.1.6
markdown-it-texmath,<0.9.0
netlify-cms-widget-markdown,<2.12.9
systeminformation,<4.30.5
ts-dot-prop,<1.4.1
last-commit-log,*
systeminformation,<4.30.2
highlight.js,>=7.2.0 <9.18.2
private-ip,<2.0.0
jsen,*
libvips,*
djvalidator,*
semantic-release,<17.2.3
tui-editor,*
electron,<8.5.4
electron,<9.4.0
electron,<9.4.0
electron,<9.4.0
electron,<9.4.0
objnest,<5.1.0
expressjs-ip-control,<1.0.7
zenn-cli,<0.1.40
markdown-it-prism,<2.1.3
markdown-it-highlightjs,<3.3.1
controlled-merge,>=1.0.0 <1.3.0
merge,<2.1.0
doc-path,<2.3.0
handsontable,<8.2.0
object-hierarchy-access,>=0.2.0 <0.33.0
field,*
deephas,<1.0.7
nodemailer,<6.4.16
joplin,<1.4.2
@joplin/lib,<1.7.1
@joplin/renderer,<1.7.1
express-validators,*
grpc,<1.24.4
@grpc/grpc-js,<1.1.8
@strikeentco/set,<1.0.1
node-downloader-helper,<1.0.15
jdb.js,*
ac-addon,*
wsbd.js,*
db-json.js,*
db-json.js,*
xpc.js,*
json8-merge-patch,<1.0.3
discord.dll,*
json-ptr,<2.0.0
y18n,<3.2.2
@firebase/util,<0.3.4
find-my-way,<2.2.5
krb5,*
node-krb5,*
axios,<0.21.1
jsreport-chrome-pdf,<1.10.0
@absolunet/kafe,<3.2.10
phantom-html-to-pdf,<0.6.1
json8,<1.0.3
twilio-npm,*
dompurify,<2.2.2
codemirror,<5.58.2
strapi,<3.2.5
browserless-chrome,<1.43.0
droppy,*
gfc,*
xml-crypto,<2.0.0
systeminformation,<4.26.2
dat.gui,*
nested-property,<3.0.0
http-live-simulator,*
grapesjs,<0.17.25
create-git,<1.0.0-2
trim,<0.0.3
systeminformation,<4.27.11
jstoxml,<2.0.0
mountebank,<2.3.3
pathval,<1.1.1
locutus,<2.0.15
strapi-plugin-content-type-builder,<3.2.5
strapi-plugin-content-manager,<3.2.5
parse-server,<4.4.0
scratch-svg-renderer,<0.2.0-prerelease.20201019174008
electron,<8.5.3
hermes-engine,<0.7.2
webpack-subresource-integrity,>=1.5.0 <1.5.1
osm-static-maps,<3.9.0
@tsed/core,<5.65.7
lightning-server,*
chart.js,<2.9.4
npm-user-validate,<1.0.1
nodetest1010,*
nodetest199,*
npmpubman,*
plutov-slack-client,*
freespace,*
bizcharts,<4.0.15
mathjs,<7.5.1
summernote,*
next,>=9.5.0 <9.5.4
dompurify,<2.0.17
electron,>=8.0.0-beta.0 <8.5.1
simpl-schema,<1.10.2
electron,>=8.0.0-beta.0 <8.5.2
hellojs,<1.18.6
json-pointer,<0.6.1
node-pdf-generator,*
phantomjs-seo,*
socket.io-file,*
froala-editor,<3.2.2
@actions/core,<1.2.6
electorn,*
loadyaml,*
safetydance,*
bmoor,<0.8.12
canvas-designer,*
datatables.net,<1.10.22
amp-html,*
bootstrap-select,<1.13.6
nats.ws,<1.0.0-111
mountebank,<2.3.1
mountebank,<2.3.2
generator-jhipster,<6.10.2
m-server,*
ng-packagr,<10.1.1
gity,*
snekserve,*
git-lib,*
hnzserver,*
http_server,*
commit-msg,*
joplin,<1.1.4
react-native-webview,<11.0.0
shiba,*
@knutkirkhorn/free-space,<1.3.0
node-idevice,*
heroku-exec-util,*
authmagic-timerange-stateless-core,*
ua-parser-js,<0.7.22
alfred-workflow-nodejs,*
nagibabel,*
renovate,>=19.180.0 <23.25.1
flsaba,*
keyd,*
objtools,*
notevil,*
passport-azure-ad,<4.3.0
trezor-connect,<8.1.12
joplin,<1.1.1
node-fetch,<2.6.1
json-logic-js,<2.0.0
bcoin,>=1.0.0-pre <1.0.2
zulip,<5.4.3
personnummer,<3.1.0
node-lemonldap-ng-handler,<0.5.2
hermes-engine,<0.7.0
hermes-engine,<0.7.0
bitcore-node,<8.22.2
sanitize-html,<2.0.0-beta
extend-merge,<1.0.6
@uppy/companion,<1.9.3
static-server-gx,*
gitbook,<3.2.2
bestzip,<2.1.7
infraserver,*
gedi,*
safe-object2,*
node-oojs,*
worksmith,*
promisehelpers,*
nodee-utils,<1.2.3
tiny-conf,*
dot-notes,*
deeps,*
deep-get-set,*
confucious,*
locutus,<2.0.12
node-forge,<0.10.0
arr-flatten-unflatten,*
gammautils,*
hangersteak,<0.2.5
json,<10.0.0
hermes-engine,<0.7.0
bl,>=2.2.0 <2.2.1
aedes,<0.42.1
fallguys,*
min-http-server,*
json-bigint,<1.0.0
windows-edge,<1.1.0
meemo-app,<1.13.1
extra-asciinema,<1.0.23
cloudron-surfer,<5.10.3
lodash,<4.17.17
jquery-confirm,*
safe-eval,*
grunt,<1.3.0
nodebb,>=1.12.2 <1.14.3
extra-ffmpeg,*
object-path,<0.11.5
supermixer,<1.0.5
object-path-set,<1.0.1
vboxmanage.js,<1.0.9
auth0-lock,<11.26.3
linux-cmdline,<1.0.1
connie-lang,<0.1.1
property-expr,<2.0.3
@irrelon/path,<4.7.0
irrelon-path,<4.7.0
ftp-srv,>=1.0.0 <4.3.4
nis-utils,*
templ8,*
jsonpointer,<4.1.0
bootstrap-switch,*
lodash,<4.17.20
madlib-object-utils,<0.1.7
phpjs,*
buefy,<0.9.0
@progress/kendo-angular-editor,<1.2.3
tinymce,<4.9.11
jpv,<2.2.2
prismjs,>=1.1.0 <1.21.0
wappalyzer,<6.0.6
polaris-website,<1.1.1
save-server,<1.0.7
ftp-srv,>=4.0.0 <4.3.4
markdown,*
markdown-it-katex,*
is-my-json-valid,<2.20.2
is-my-json-valid,<2.20.3
slp-validate,<1.2.2
slpjs,<0.27.4
auth0,<2.27.1
express-fileupload,<1.1.10
git-tags-remote,<1.0.3
fastify,<2.15.1
flat,>=5.0.0 <5.0.2
electron,>=7.0.0 <7.3.3
electron,>=7.0.0 <7.3.3
electron,>=9.0.0 <9.2.1
fastify,>=2.0.0 <2.15.1
jingo,<1.9.6
fast-json-patch,<2.2.1
marked,<1.1.1
typeorm,<0.2.25
parse,<2.10.0
diskstats,<0.1.0
xps,<1.0.3
parse-server,>=3.5.0 <4.3.0
mock2easy,*
sails-hook-sockets,<1.5.5
codecov,<3.7.1
express-cart,*
i18next,<19.8.3
fine-uploader,*
xlsx,<0.16.0
jquery-form,*
ajv,<6.12.3
tmi.js,<1.7.0
windows-shortcuts,*
admin-lte,<3.1.0-rc
scratch-vm,>=0.1.0-prerelease.1524239808 <0.2.0-prerelease.20200714185213
react-native-fast-image,<8.3.0
standard-version,<8.0.1
@knight-lab/timelinejs,<3.7.0
i18next,<19.5.5
tiptap,<1.29.0
npm-registry-fetch,<4.0.5
socket.io-file,*
npm,<6.14.6
sockjs,<0.3.20
electron,<7.2.4
electron,<7.2.4
electron,<7.2.4
electron,<6.1.11
strider-git,<2.0.0
formiojs,<4.12.1-rc.19
jspdf,<2.0.0
jspdf,<2.0.0
keycloak-connect,<10.0.0
locutus,<2.0.13
tileserver-gl,<3.1.0
bcrypt,<5.0.0
jsoneditor,<9.0.2
bcrypt,<5.0.0
express-jwt,<6.0.0
swagger-ui,<3.26.1
wifiscanner,*
gitlab-workflow,*
@uppy/companion,<1.13.2
docsify,<4.11.4
redoc,<2.0.0-rc.28
mversion,<2.0.1
bunyan,<1.8.13
influx,<5.5.3
jsrsasign,<8.0.18
jsrsasign,<8.0.18
limdu,*
jsrsasign,<8.0.18
strapi,<3.0.2
node-rsync,*
scp,*
fast-http,*
marked-tree,*
marscode,*
rollup-plugin-server,*
rollup-plugin-dev-server,*
rollup-plugin-serve,*
rollup-plugin-serve-favicon,*
sapper,<0.27.11
wappalyzer,<6.0.3
casperjs,*
@sap-cloud-sdk/core,>=1.19.0 <1.21.2
mjml,<4.6.3
elliptic,<6.5.3
dijit,<1.11.11
mversion,<2.0.0
tui-editor,<2.2.0
thenify,<3.3.1
node-import,*
redash,*
ssb-db,>=20.0.0 <20.0.1
ssb-server,>=16.0.0 <16.0.1
angular,<1.8.0
layui-src,*
vue-instantsearch,<3.0.0
highcharts,<7.2.2
next,<5.1.0
devcert,<1.1.1
graphql-playground-html,<1.6.22
apollo-server-core,<2.14.2
angular,<1.8.0
node-extend,*
access-policy,*
mosc,*
cd-messenger,*
@fluentui/styles,<0.50.0
@uifabric/utilities,<7.20.3
ghost,<2.38.2
html-to-text,<6.0.0
@nozbe/watermelondb,<0.15.1
@elastic/app-search-node,<7.7.0
@elastic/app-search-javascript,<7.7.0
kibana,>=6.7.0 <6.8.9
kibana,<6.8.9
kibana,<6.8.9
node-addon-api,>=0.0.0 <1.7.2
nervjs,<1.5.7
websocket-extensions,<0.1.4
url-regex,*
bson-objectid,*
serialize-javascript,<3.1.0
dns-sync,<0.2.0
snyk-broker,<4.73.1
snyk-broker,<4.80.0
snyk-broker,<4.80.0
snyk-broker,<4.79.0
snyk-broker,>=4.72.0 <4.73.1
snyk-broker,<4.73.0
snyk-broker,<4.72.2
appium,<1.18.0-beta.0
codemirror,<5.54.0
jison,*
aegir,>=21.7.0 <21.10.1
bootstrap-select,<1.13.6
electron-updater,<4.3.1
markdown-to-jsx,<6.11.4
vega-embed,<6.7.0
electron,<8.3.1
electron,<7.3.1
jquery,<1.9.0
front-matter,<4.0.1
generator-jhipster,<6.9.0
openpgp,<0.10.0
http-proxy,<1.18.1
electron,>=6.0.0 <6.1.12
electron,>=6.0.0 <6.1.12
electron,>=6.0.0 <6.1.12
electron,>=6.0.0 <6.1.12
summernote,*
objutil,*
kerberos,<1.0.0
tinymce,<4.9.10
slpjs,<0.27.2
slp-validate,<1.2.1
buefy,<0.8.18
logkitty,<0.7.1
electron,>=6.0.0 <6.1.12
instantsearch.js,<4.3.1
electron,>=7.0.0 <7.3.0
curlrequest,*
markdown,*
jquery,>=1.2.0 <3.5.0
@actions/http-client,<1.0.8
electron,>=6.0.0 <6.1.12
electron,>=6.0.0 <6.1.12
@sailshq/lodash,*
lodash,<4.17.16
faye,<1.0.4
handlebars,<4.6.0
git-promise,<1.0.0
faye,<1.1.0
macaddress,<0.4.3
jpeg-js,<0.4.0
lazysizes,<5.2.1-rc1
froala-editor,<3.2.2
svg2png,*
gry,<6.0.0
electron,>=6.0.0 <6.1.12
electron,<6.1.10
electron,<6.1.10
electron,<6.1.10
electron,<6.1.10
electron,<6.1.10
electron,<6.1.10
electron,<7.2.2
@fraction/oasis,<2.15.0
electron,>=7.0.0 <7.2.2
electron,<6.1.10
electron,<6.1.10
jquery,>=1.5.1 <3.5.0
electron,>=8.0.0 <8.4.0
electron,>=7.0.0 <7.2.2
electron,<6.1.10
electron,>=8.0.0 <8.2.1
vizion,<2.1.0
m-backdoor,*
paypal-adaptive,*
grunt-util-property,*
auth0-js,>=8.0.0 <9.13.2
ghost,<3.13.0
pixl-class,<1.0.3
fun-map,*
node-weakauras-parser,>=1.0.4 <1.0.5
vue,<2.5.17
vue,<2.5.17
preact-render-to-string,<3.7.2
svelte,<2.9.8
apiconnect-cli-plugins,>=1.0.1
@eivifj/dot,<1.0.3
eivindfjeldstad-dot,*
node-mpv,>=0.12.2
adb-driver,*
diskusage-ng,<1.0.0
confinit,<0.4.0
compass-compile,*
heroku-addonpool,<0.1.16
class-transformer,<0.3.1
electron,<6.1.10
electron,<6.1.10
papaparse,<5.2.0
get-git-data,>=1.3.0
strong-nginx-controller,*
umount,*
install-package,<0.4.1
effect,*
karma-mojo,*
git-add-remote,*
node-key-sender,*
op-browser,<1.0.9
jscover,*
ini-parser,*
sds,<4.0.0
fsa,*
clamscan,<1.3.0
express-mock-middleware,*
ini-parser,*
jsrsasign,<8.0.13
next,<9.3.2
mocha,<6.0.0
electron-updater,<4.2.2
prismjs,<1.5.0
tui-editor,>=0.0.0
@toast-ui/editor,<2.1.0
google-closure-library,<20200315.0.0
@metamask/eth-ledger-bridge-keyring,<0.2.2
eth-ledger-bridge-keyring,<0.2.1
sapper,<0.27.11
bson,>=1.0.0 <1.1.4
utils-extend,*
lix,*
htmr,<0.8.7
node-rules,>=3.0.0 <5.0.0
yargs-parser,>5.0.0-security.0 <5.0.1
gulp-styledocco,*
docker-compose-remote-api,*
gulp-tape,*
closure-compiler-stream,*
pulverizr,*
node-prompt-here,*
gulp-scss-lint,*
querymen,<2.1.4
dojo,<1.11.10
dojox,<1.12.8
minimist,<0.2.1
blamer,<1.0.1
ghost,<2.38.1
electron,<6.1.10
ckeditor4-dev,<4.14.0
utilitify,<1.0.3
acorn,>=5.5.0 <5.7.4
vp-toolkit,<0.2.2
vp-toolkit,<0.2.2
vega-util,<1.13.1
jquery-confirm,*
notevil,<1.3.3
parse-server,<4.1.0
react-oauth-flow,>=0.0.0
uppy,<1.9.3
fastify,<1.0.5
valib,*
serial-number,*
push-dir,*
giting,<0.0.8
enpeem,*
decompress-tar,*
decompress,<4.2.1
yarn,<1.19
irc-framework,<4.7.0
discord-markdown,<2.3.1
pdf-image,*
compile-sass,<1.0.5
rdf-graph-array,*
uap-core,<0.7.3
undefsafe,<2.0.3
rpi,*
mongodb-query-parser,<2.0.0
joplin,<1.0.156
@commercial/subtext,>=5.1.1 <5.1.2
@commercial/subtext,<5.1.2
@hapi/subtext,<6.1.3
@hapi/subtext,>=4.1.0 <6.1.3
hapi,*
@hapi/ammo,<3.1.2
subtext,*
subtext,>=4.1.0
@hapi/accept,>=3.2.0 <3.2.4
@commercial/ammo,<2.1.1
ammo,*
component-flatten,*
dot-object,<2.1.3
bodymen,<1.1.1
codecov,<3.6.5
marky-markdown,*
marky-markdown,*
yarn,<1.22.0
crypto-js,>=3.3.0 <4.0.0
@hapi/hoek,<8.5.1
sockjs,<0.3.0
script-manager,<0.9.0
dojox,>=1.16.0 <1.16.1
promise-probe,<0.10.0
taffy,*
curling,<1.1.0
harp,<0.40.2
im-metadata,*
im-resize,*
network-manager,*
listening-processes,*
increments,*
@azhou/basemodel,*
simple-crypto-js,<2.3.0
auth0-lock,<11.21.0
reveal.js,<3.9.2
@ensdomains/ens,<0.4.0
kill-port-process,<2.2.0
tinymce,>=5.0.0 <5.1.4
file-browser,*
md-fileserver,>=1.3.2 <1.4.0
deliver-or-else,*
lsof,*
strapi,<3.0.0-beta.18.4
dot-prop,>1.0.1 <4.2.1
url-parse,<1.4.5
angular-expressions,<1.0.1
codecov,<3.6.2
primeng,<9.0.0-rc.3
sequelize,<4.44.4
klona,<1.1.1
parsel,>=0.0.0
parsel,>=0.0.0
schema-inspector,<1.6.9
kind-of,>=6.0.0 <6.0.3
node-sass,>=3.3.0 <4.13.1
cordova-plugin-inappbrowser,<3.1.0
1337qq-js,>=0.0.0
node-red,<0.20.7
hexo-admin,*
meta-git,*
npm-git-publish,*
hot-formula-parser,<3.0.1
total.js,<3.3.3
@hapi/boom,<0.3.8
hellojs,<1.18.2
soletta-dev-app,*
devcert-sanscache,<0.4.7
node-sass,*
node-sass,*
node-sass,*
node-sass,*
node-sass,*
node-sass,*
node-sass,*
node-sass,*
node-sass,<4.4.0
node-sass,*
node-sass,<4.4.0
node-sass,<4.4.0
node-sass,*
node-sass,<4.4.0
node-sass,<4.4.0
node-sass,<4.4.0
node-sass,<4.4.0
node-sass,<4.4.0
node-sass,<4.9.0
node-sass,<4.4.0
node-sass,*
node-sass,*
node-sass,<4.4.0
aws-lambda,<1.0.5
nodegit,<0.26.3
nodegit,<0.26.3
nodegit,<0.26.3
nodegit,<0.26.3
git-diff-apply,<0.22.2
express-laravel-passport,*
atlasboard-atlassian-package,*
dbus,*
seeftl,*
ecstatic,<4.1.4
fileview,*
type-graphql,<0.17.6
vue-moment,<4.1.0
nextcloud-vue-collections,<0.4.2
autolinker,<3.14.0
@pnpm/package-bins,<4.0.1
yarn,<1.21.1
trix,<1.2.3
bin-links,<1.1.5
npm,<6.13.3
bin-links,<1.1.5
npm,<6.13.3
npm,<6.13.4
bin-links,<1.1.6
chrome-launcher,<0.13.2
safer-eval,*
serialize-javascript,<2.1.1
serialize-to-js,<3.0.1
sceditor,<3.0.0
node-df,*
http_server,*
treekill,*
tree-kill,<1.2.2
strapi,<3.0.0-beta.17.8
jpv,<2.1.0
viewerjs,<1.3.6
ezmaster,<5.2.11
devalue,<2.0.1
mysql2,<1.0.0-rc.1
trix,<1.2.2
renovate,>=13.87.0 <19.38.7
singale,*
bsae-x,*
bs85check,*
bs85,*
bs58chekc,*
bs58chek,*
bs58chcek,*
ripedm160,*
bpi66,*
bpi39,*
ecuvre,*
bp66,*
ecruve,*
ripmed160,*
ecruve,*
wbe3,*
siganle,*
ripmed160,*
lodahs,*
path-to-regxep,*
degbu,*
bip30,*
bictore-lib,*
bictoinjs-lib,*
bictoind-rpc,*
bictoin-ops,*
bconi,*
bitcroe-lib,*
bitconijs-lib,*
bcion,*
crytpo-js,*
babel-loadre,*
babel-laoder,*
crpyto-js,*
bitconid-rpc,*
bitconi-ops,*
bitcoisnj-lib,*
bitcoin-sweep,*
bitcoin-osp,*
hdkye,*
hdeky,*
singale,*
hw-trnasport-u2f,*
dhkey,*
dhkey,*
bitcoimjs-lib,*
bitcoimd-rpc,*
bitcoijns-lib,*
scrytsy,*
bitcionjslib,*
conistring,*
bitcionjs,*
bitcion-ops,*
path-to-regxep,*
commanedr,*
commandre,*
wallet-address-validtaor,*
scryptys,*
rceat,*
colne,*
coinstrng,*
coinstrig,*
coinstirng,*
wbe3,*
coinpayment,*
baes-x,*
fs-extar,*
cxt,*
babel-loqder,*
cionstring,*
@cubejs-backend/api-gateway,>=0.11.0 <0.11.17
gun,<0.2019.416
smartbanner.js,<1.14.1
generator-jhipster,<6.3.1
centra,<2.4.0
editor.md,>0.0.0
realms-shim,<1.2.1
node-sass,<4.11.0
node-sass,<4.11.0
node-sass,<4.8.0
node-sass,*
node-sass,<4.11.0
node-sass,*
node-sass,<4.2.0
node-sass,*
node-sass,>=4.4.0 <4.13.1
pannellum,>=2.5.0 <2.5.5
cxct,*
iobroker.js-controller,<2.0.25
handlebars,>=4.0.0 <4.5.3
iobroker.admin,<3.6.12
angular,>=1.4.0-beta.6 <1.7.9
iobroker.web,<2.4.10
malicious-npm-package,*
slpjs,<0.21.4
slp-validate,<1.0.1
handlebars,>=4.0.0 <4.5.3
sj-labc,*
arsenic-tabasco-cyborg-peanut-butter,*
superhappyfuntime,*
pomelo,<2.2.7
elliptic,<6.5.2
php-unserialize,*
electron,<5.0.0-beta.1
electron,<2.0.17
strapi,<3.0.0-beta.17.5
chartkick,>=3.1.0 <3.2.0
sj-tw-sec,*
sj-tw-test-security,*
sj-tw-abc,*
owl-orchard-apple-sunshine,*
airtable,>=0.1.19 <0.7.2
marsdb,*
f-serv,*
handlebars,>=4.0.0 <4.4.5
saml2-js,<2.0.5
ids-enterprise,<4.23.0-dev.20191105
cezerin,*
thrift,<0.13.0-hotfix.1
vuetify,<2.1.9
buvfer-xor,*
js-shi3,*
bwffer-xor,*
bunfer-xor,*
bugfer-xor,*
bufner-xor,*
bufver-xor,*
bufger-xor,*
buffur-xor,*
buffmr-xor,*
buffgr-xor,*
buffez-xor,*
buffev-xor,*
buffes-xor,*
buffev-xor,*
buffes-xor,*
buffermxor,*
buffer-zor,*
buffer-yor,*
buffer-xoz,*
buffer-xov,*
buffer-xos,*
buffer-xop,*
buffer-xob,*
buffer-xo2,*
buffer-xnr,*
buffer-xmr,*
buffer-xkr,*
buffer-xgr,*
buffer-por,*
buffer-hor,*
buffer-8or,*
buffep-xor,*
buffeb-xor,*
buffe2-xor,*
buffdr-xor,*
buffar-xor,*
budfer-xor,*
bubfer-xor,*
btffer-xor,*
bufder-xor,*
bs-sha3,*
jsmsha3,*
js-sia3,*
js-3ha3,*
js-sla3,*
jq-sha3,*
jc-sha3,*
ks-sha3,*
j3-sha3,*
js-sha7,*
js-sja3,*
cuffer-xor,*
js-she3,*
js-shas,*
hs-sha3,*
b5ffer-xor,*
js-shc3,*
js-qha3,*
js-shq3,*
js-sia3,*
js-rha3,*
js-shi3,*
juffer-xor,*
ns-sha3,*
beffer-xor,*
ruffer-xor,*
fuffer-xor,*
jw-sha3,*
jsmsha3,*
js-cha3,*
zs-sha3,*
pm2,<4.3.0
node-git-server,<0.6.1
pm2,<4.3.0
express-fileupload,<1.1.6-alpha.6
vue-apollo,>=3.0.0-alpha.1 <3.0.0
easy-autocomplete,*
ant-design-pro,*
hexo-admin,*
mongodb,<3.1.13
vm2,<3.6.11
mongo-express,<0.54.0
swagger-ui,<3.23.11
mongoose,<4.13.21
simple-markdown,<0.6.1
markdown-it,<10.0.0
statics-server,*
knex,<0.19.5
node-red-dashboard,<2.17.0
angular,<1.6.3
angular,<1.6.5
angular,<1.6.0-rc.0
http-auth,<3.2.4
ses,<0.6.3
realms-shim,<1.2.0
apostrophe,<2.97.1
comander,*
bmap,<1.0.3
pizza-pasta,=1.0.3
8.9.4,*
ember_cli_babe,*
uglyfi.js,*
yeoman-genrator,=2.0.2
yeoman-genrator,=2.0.2
log-symboles,*
https-proxy-agent,<2.2.3
dbus,*
showdown,<1.9.1
helmet-csp,>=1.2.2 <2.9.2
http-live-simulator,>=1.0.7 <1.0.8
pdfjs-dist,<2.0.943
@novnc/novnc,<0.6.2
handlebars,>=4.0.0 <4.3.0
dompurify,<2.0.3
discord.js-user,*
@botpress/channel-web,<12.1.4
notevil,<1.3.2
csv-parse,<4.4.6
ibm_db,<2.6.0
subtext,*
@commercial/subtext,<5.1.1
@hapi/subtext,<6.1.2
html-pdf,<3.0.0
ids-enterprise,<4.22.0-beta.0
gitlabhook,*
http_server,*
generator-jhipster-kotlin,<1.2.0
generator-jhipster,<6.3.0
cryptpad,<3.0.0
evil-package,*
total.js,>=3.1.0 <3.4.0
total.js,>=3.1.0
total.js,>=3.1.0
total.js,>=3.1.0
larvitbase-www,<0.7.6
seneca,<3.9.0
mavon-editor,<2.8.2
simple-markdown,<0.5.2
sparkies,*
node-spdy,*
serilize,*
mysql-koa,*
js-regular,*
js-base64-int,*
body-parse-xml,*
import-mysql,*
serializes,*
node-ftp,*
mogobd,*
axioss,*
axios-http,*
mogodb-core,*
k0a_multer,*
mogoose,*
file-logging,*
mogodb,*
koa-body-parse,*
webtorrent,<0.107.6
vant,<2.1.8
graphql-shield,<6.0.6
public,<0.1.3
@ckeditor/ckeditor5-link,<10.0.1
connect-pg-simple,<6.0.1
quill,<1.3.7
status-board,*
status-board,*
cyberchef,<8.31.3
statichttpserver,*
stylelint,<11.0.0
selectize-plugin-a11y,<1.1.0
eslint-utils,>=1.2.0 <1.4.1
openpgp,<4.2.1
openpgp,<4.2.0
openpgp,<4.2.0
serialize-to-js,<2.0.0
wizard-syncronizer,*
value-censorship,*
cocos-utils,*
bb-builder,*
mithril,>=1.0.0 <1.1.7
googleapis,>=36.0.0 <39.1.0
larvitbase-api,<0.5.5
local-devices,<3.0.0
sequelize,>=4.0.0 <4.44.3
addax,<1.1.0
wxchangba,*
device-mqtt,=1.0.11
pyramid-proportion,=1.0.5
slush-fullstack-framework,=0.9.2
pensi-scheduler,=1.1.3
zemen,=0.0.5
ngx-context-menu,=0.0.26
jquery-airload,=0.2.5
grpc-ts-health-check,<2.0.0
cal_rd,*
sailclothjs,1.2.6
uploader-plugin,1.0.2
select2,<4.0.8
editor.md,*
nodebb,<0.8.2
haraka,<2.8.20
webtorrent,<0.105.2
min-http-server,*
electron,<0.33.5
node-wifi,<2.0.12
domokeeper,>=0.0.0
parse-server,<3.6.0
parse-server,<3.4.1
plotly.js,<1.10.4
@risingstack/protect,*
http-file-server,*
console-feed,<2.8.10
@vivaxy/here,<3.2.2
json-serializer,=2.0.10
tomato,*
browserift,*
maleficent,*
expressfs,*
otpauth,<3.2.8
msrcrypto,<1.4.1
fast-requests,>=0.0.0
cage-js,>=0.0.0
atompm,<0.8.2
load-from-cwd-or-npm,>=3.0.2 <3.0.4
rate-map,>=1.0.3 <1.0.5
bpmn-js-properties-panel,<0.31.0
dmn-js-properties-panel,<0.3.0
cmmn-js-properties-panel,<0.8.0
restify-swagger-jsdoc,<3.2.1
googleapis,>=36.0.0 <39.1.0
nodes.js,*
diamond-clien,*
only-test-not-install,*
my-very-own-package,*
cicada-render,*
next-util,*
hpmm,*
river-mock,*
luna-mock,*
leetlog,>=0.1.2
hsf-clients,*
appx-compiler,*
tiar,*
secure_identity_login_module,*
retcodelog,*
antd-cloud,*
malicious-do-not-install,*
ali-contributor,*
node-buc,*
ali-contributors,*
alico,*
midway-dataproxy,*
alipayjsapi,*
qingting,*
midway-xtpl,*
zero,<1.0.6
jquery.json-viewer,<1.3.0
yarn,<1.17.3
http-file-server,*
quill,<1.3.7
eco,*
kibana,>=5.0.0 <5.0.2
kibana,<4.1.3
oidc-provider,<6.0.3
kibana,>=4.1.0 <4.1.11
marked,<0.4.0
domokeeper,*
mathjax,<2.7.4
kibana,>=4.3.0 <4.6.2
kibana,<4.6.2
lodash,<4.17.12
@sailshq/lodash,<3.10.4
marked,>=0.4.0 <0.7.0
mxgraph,<4.0.0
takeapeek,*
apostrophe,<2.92.0
require-node,>=1.0.0 <1.3.4
deeply,<3.1.0
graylog-web-interface,<2.4.6
rpc-websocket,>=0.7.6
jasmin,=0.0.3
freshdom,=0.0.6
blingjs,=0.0.4
rc-calendar-jhorst,=8.4.3
angular-material-sidenav-rnd,=0.1.1
simple-alipay,=1.0.1
s3asy,=0.4.8
another-date-range-picker,=4.1.48
react-server-native,=0.0.7
dynamo-schema,=0.0.3
dossier,=0.0.4
react-dates-sc,=0.3.0
impala,=1.1.7
css_transform_support,=1.0.2
css_transform_step,=1.0.6
coffee-project,=1.7.5
codify,=0.3.1
cordova-plugin-china-picker,=1.0.910
nginxbeautifier,=1.0.14
oauth-validator,=1.0.2
awesome_react_utility,=1.0.2
another-date-picker,>=2.0.43 <2.0.45
angular-bmap,=0.0.9
modlibrary,=0.1.1
xoc,=1.0.7
@impala/bmap,=1.0.3
dictum.js,>=1.0.5
axois,*
regenrator,*
regenraotr,*
soket.js,*
soket.io,*
serve-here.js,<1.2.0
keystone,<4.0.0-beta.1
keystone,<4.0.0-beta.1
sequelize,<3.35.1
sequelize,>=3.0.0 <3.35.1
@berslucas/liljs,<1.0.2
set-value,<2.0.1
mixin-deep,>=2.0.0 <2.0.1
assign-deep,>=1.0.0 <1.0.1
smartsearchwp,>0.0.1-security
untitled-model,*
diagram-js,<2.6.2
diagram-js-direct-editing,<1.4.3
swagger-ui,>=2.0.3 <2.0.24
swagger-ui,>=3.0.0 <3.0.13
swagger-ui,<2.2.1
resquel,*
swagger-ui,<3.20.9
keycloak-connect,<4.4.0
swagger-ui,<3.18.0
converse.js,<1.0.7
keystone,<4.0.0-beta.7
ids-enterprise,<4.18.2
ids-enterprise,<4.18.2
colro-name,*
grunt-radic,>0.1.0 <0.1.2
ember-power-timepicker,>1.0.7 <1.0.9
ngx-pica,>1.1.4 <1.1.6
scroool,>0.1.6 <0.1.8
geoheat,>1.3.1 <1.3.3
motiv.scss,>0.4.19 <0.4.21
ng-ui-library,>1.0.986 <1.0.988
libubx,>1.0.2 <1.0.4
github-jquery-widgets,>0.1.1 <0.1.3
angular-location-update,>0.0.2 <0.0.4
mx-nested-menu,>0.1.29 <0.1.31
precode.js,>1.1.0 <1.1.2
react-datepicker-plus,>2.4.1 <2.4.4
radicjs,>0.2.0 <0.2.2
radic-util,>1.0.1 <1.0.3
pm-controls,>1.1.7 <1.1.9
leaflet-gpx,>1.0.0 <1.0.2
jekyll-for-github-projects,>0.2.11 <0.2.13
vue-backbone,>0.1.1 <0.1.3
grunt-radical,>0.0.13 <0.0.15
cordova-android,<6.0.0
dojo,>=1.0.0 <1.0.3
dojo,<1.2.0
electron-native-notify,>0.0.1-security
wiki-plugin-datalog,<0.1.6
sails-mysql,<0.10.8
@apollo/gateway,<0.6.2
ag-grid-community,<14.0.0
angluar-cli,=0.0.1
epress,=4.13.2
font-scrubber,=1.0.0
commqnder,=1.0.0
commmander,>0.0.1-security
blubird,=3.5.0
ids-enterprise,<4.18.2
tensorplow,*
hulp,*
kraken-api,>=0.1.8 <1.0.0
rimrafall,=0.0.1
bowe,*
whiteproject,*
colour-string,=1.5.3
logsymbles,=2.2.0
uglyfi-js,=1.0.0
jquerz,=1.0.1
jqeury,=3.3.1
require-ports,=10.4.0
froever,=1.0.0
foever,=1.0.0
yeoman-genrator,=1.0.0
ipfs-bitswap,>=0.10.0 <0.24.1
bowee,*
loopback,>=3.0.0 <3.26.0
express-validator,>=4.2.1 <6.0.0
verdaccio,<3.12.0
verdaccio,<3.12.0
lutils-merge,*
destroyer-of-worlds,>=1.0.0 <=1.0.1
donotinstallthis,*
algo-httpserv,<1.1.2
smart-extend,*
serve,<11.0.0
useragent,*
fstream,<1.0.12
bootbox,*
fomantic-ui,<2.7.0
semantic-ui-search,*
semantic-ui,*
carloprojectlesang,*
carloprojectdiscord,*
discord_debug_log,*
pi_video_recording,*
mermaid,<8.2.3
requet,*
commnader,*
reqquest,*
4equest,*
erquest,*
asyync,*
jajajejejiji,*
asynnc,*
reuest,*
asymc,*
asycn,*
reqest,*
equest,*
reques,*
aasync,*
requeest,*
momen,*
requesst,*
chak,*
experss,*
saync,*
requuest,*
requst,*
requset,*
rrequest,*
rqeuest,*
requets,*
eact,*
requestt,*
exprss,*
calk,*
reequest,*
wepack-cli,*
asnyc,*
asnc,*
asinc,*
aysnc,*
angular-froala,*
simditor,<2.3.22
remarkable,>=1.6.0 <1.7.2
remarkable,>=1.0.0 <1.7.3
x-editable,*
markdown-to-jsx,<6.10.0
graphql-code-generator,<1.1.0
@graphql-codegen/cli,<1.2.0
jquery-mobile,<=1.5.0-alpha.1
pupa,<2.0.0
tar-fs,<1.16.2
ecstatic,<2.2.2
wangeditor,>=3.0.0 <4.0.6
web3,*
mqtt-packet,<3.5.1
jwt-simple,<0.5.3
google-closure-library,>=20190121.0.0 <20190301.0.0
axios,<0.18.1
awesomplete,*
preact,>=10.0.0-alpha.0 <10.0.0-beta.1
md-data-table,*
express-brute,*
@ionic/core,<4.0.3
harp,<0.40.3
redbird,<0.9.1
express-basic-auth,<1.1.7
shave,<2.5.3
ngx-bootstrap,*
sequelize-cli,<5.5.0
webpack-bundle-analyzer,<3.3.2
mui-datatables,<2.14.0
handlebars,>=3.0.0 <3.0.7
@nuxt/devalue,<1.2.3
@nuxtjs/devalue,<1.2.3
devalue,<1.1.1
sequelize,>=5.0.0 <5.3.0
harp,<0.40.2
materialize-css,*
materialize-css,*
typed-function,<0.10.6
js-yaml,<3.13.1
express-cart,*
serve-handler,<5.0.8
upmerge,<0.1.8
buttle,*
glance,<3.0.7
marked,>=0.1.3 <0.6.2
statics-server,*
canvas,<1.6.10
tar,<2.2.2
servey,<3.0.0
typeorm,<0.1.15
dot,<1.1.3
sequelize,<4.12.0
js-yaml,<1.5.0
lodash,<4.17.11
tesseract.js,<1.0.19
puppeteer,<1.13.0
electron,<2.0.18
open,<6.0.0
jquery,<3.4.0
opencv,<6.1.0
js-yaml,>=3.0.0 <3.13.0
kill-port,<1.3.2
localhost-now,*
simple-markdown,<0.4.4
editor.md,*
react-native-code-push,>=1.7.0 <6.3.0
safer-eval,<1.3.4
safer-eval,<1.3.2
react-json-pretty,<2.0.1
embark,<4.0.0
eslint-plugin-no-unsanitized,>=3.0.1 <3.0.2
safe-compare,>=1.0.4 <1.1.4
bootstrap-select,<1.13.6
summernote,<0.8.12
embark,<4.0.0
cryptr,<6.0.0
reveal.js,<4.0.0
total.js,>=2.1.0 <2.1.1
thrift,>=0.9.2 <0.11.0
bootstrap,<3.4.1
office-converter,*
static-eval,<2.0.2
handlebars,<4.0.14
node-os-utils,<1.1.0
url-relative,*
ircdkit,<1.0.4
pem,<1.13.2
browserify-hmr,<0.4.0
boogeyman,*
ipns,>=0.1.1 <0.1.3
mobius1-selectr,>=2.0.0 <2.4.11
node-red-dashboard,<2.14.0
stream-combine,=2.0.2
static-resource-server,*
lodash.merge,<4.6.2
node.extend,<1.1.7
lodash.mergewith,<4.6.2
lodash.defaultsdeep,<4.6.1
lodash._basemerge,*
html-pages,*
lodash,<4.17.11
@sailshq/lodash,<3.10.4
@hapi/wreck,<14.1.4
@hapi/subtext,>=6.0.0 <6.0.12
@hapi/statehood,>=6.0.0 <6.0.9
marked,>=0.5.0 <0.6.1
remove-markdown,*
angucomplete-alt,*
bower,<1.8.8
decompress-zip,<0.2.2
bootstrap-vue,<2.0.0-rc.12
loopback,>=2.0.0 <2.40.0
terriajs-server,<2.7.4
loopback-connector-mongodb,<3.6.0
jquery.terminal,<1.21.0
http-live-simulator,<1.0.7
portionfatty12,*
rrgod,*
xterm,>=3.8.0 <3.8.1
text-qrcode,*
rails-session-decoder,<1.1.0
markdown-it-toc-and-anchor,<4.2.0
cordova-plugin-ionic-webview,<2.2.0
jingo,<1.9.2
generate-password,<1.4.1
autolinker,<3.0.0
bootstrap,<3.4.0
bootstrap,<3.4.0
bootstrap-sass,<3.4.0
bootstrap-sass,<3.4.0
commander-js,*
qunit,<2.9.0
esm,<3.1.0
ids-enterprise,<4.15.0
nuclide,<0.290.0
react-dev-utils,>=1.0.0 <1.0.4
buefy,<0.7.2
uap-core,<0.6.0
pomelo-monitor,*
rendertron-middleware,<0.1.3
rendertron-middleware,<0.1.3
rendertron-middleware,<0.1.3
rendertron-middleware,<0.1.3
mpath,>=0.3.0 <0.5.1
mergify,*
just-extend,<4.0.0
simplehttpserver,*
event-stream,=3.3.6
flatmap-stream,*
auth0-js,<8.0.0
kibana,<5.3.13
valine,<1.3.4
inline-source,<6.1.7
jquery-file-upload,*
ckeditor,>=4.0.0 <4.11.0
serve-handler,<5.0.3
samlify,<2.4.0
morgan,<1.9.1
simplemde,*
knightjs,*
cached-path-relative,<1.0.2
editor.md,*
takeapeek,*
tianma-static,*
kindeditor,*
merge,<1.2.1
libnmap,<0.4.16
apex-publish-static-files,<2.0.1
graphql-upload,<7.0.0
apollo-upload-server,<7.0.0
apollo-upload-server,<7.0.0
graphql-upload,<7.0.0
jstree,<3.3.7
next,>=7.0.0 <7.0.2
http-live-simulator,<1.0.6
blueimp-file-upload,<9.22.1
rrule,<2.6.0
rrule,<2.5.6
passport-saml,<1.0.0
defaults-deep,*
parcel-bundler,<1.10.0
webpack-dev-server,<3.1.11
express-cart,<1.1.8
react-tooltip,<3.8.1
ps,<1.0.0
ascii-art,<1.4.4
dojo,>=1.14.0-pre <1.14.0
samsung-remote,<1.3.5
editor.md,*
simplehttpserver,<0.2.1
mosca,<2.8.2
mem,<4.0.0
mergely,<4.0.5
electron,>=1.7.0 <1.7.16
egg-scripts,<2.8.1
buttle,*
ponse,<2.0.3
entitlements,<1.3.0
m-server,<1.4.2
node-red,<0.18.6
serve,<7.1.3
express-cart,<1.1.6
jplayer,<2.3.0
jplayer,<2.3.2
jplayer,<2.2.20
dojox,<1.10.10
flintcms,<1.1.10
dojo,<1.10.10
angular-jwt,<0.1.10
aedes,<0.35.1
exceljs,<1.6.0
slugify,<1.3.1
chownr,<1.1.0
url-parse,<1.4.3
superagent,<3.8.1
utile,*
put,*
file-static-server,*
statics-server,*
markdown-pdf,<9.0.0
extend,<2.0.2
cryptiles,>=3.1.0 <3.1.3
angular-redactor,*
eslint-config-eslint,=5.0.2
eslint-config-airbnb-standard,>=2.0.0 <2.1.2
eslint-scope,=3.7.2
memjs,<1.2.2
buttle,*
medis,*
mailparser-mit,*
emailjs-mime-parser,<2.0.74
mailsplit,<4.2.1
mailparser,<2.3.0
haraka,<2.8.19
platform.js,*
node-htmlparser-classic,*
underscore.string,>2.4.0
hexo-editor,*
electron-markdownify,*
ismobilejs,<0.5.0
cryo,*
njwt,<1.0.0
git-dummy-commit,*
oauth2orize-fprm,<0.2.1
generate-pincode,<5.0.2
bootstrap,<3.4.0
bootstrap,>=4.0.0 <4.1.2
bootstrap-sass,<3.4.0
express-cart,<1.1.7
sexstatic,*
ag-grid,>=13.0.0 <14.0.0
serve,<7.0.0
unzipper,<0.8.13
adm-zip,<0.4.11
pdf-image,<2.0.1
videojs-swf,<4.5.4
tinymce,<4.5.12
tinymce,<4.6.4
react-marked-markdown,*
hekto,<0.2.4
nothing-js,*
ladder-text-js,*
citation-js,<0.4.0-7
koa-body,<3.0.0
query-mysql,*
localhost-now,*
sql,*
stringstream,<0.0.6
macaddress,<0.2.9
open,<6.0.0
npmconf,<2.1.3
html-pages,<2.1.0
buttle,*
fs-path,<0.0.25
command-exists,<1.2.4
byte,<1.4.1
angular-http-server,<1.4.4
base64url,<3.0.0
base64-url,<2.0.0
superstatic,<5.0.2
constantinople,<3.1.1
squel,*
http-fetch-cookies,*
express-cookies,*
getcookies,*
ua-parser-js,<0.7.18
react-svg,<2.2.18
ckeditor-dev,>=4.5.11 <4.9.2
concat-with-sourcemaps,<1.0.6
foreman,<3.0.1
rgb2hex,<0.1.6
atob,<2.1.0
mcstatic,*
cloudcmd,<9.1.6
querystringify,<2.0.0
pdfinfojs,<0.4.1
deep-extend,<0.5.1
safe-compare,>=1.1.0 <1.1.2
merge-recursive,*
public,<0.1.4
merge-objects,*
merge-options,<1.0.1
glance,*
deap,<1.0.1
plist,>=1.2.0 <3.0.1
ducktype,<1.2.1
is-url,<1.2.4
simpl-schema,<1.5.0
bracket-template,*
auth0-lock,<11.0.0
auth0-js,<9.0.0
http-proxy-agent,<2.1.0
sshpk,<1.14.1
mol-proto,<1.0.6
kibana,>=5.1.1 <5.6.6
kibana,<5.4.1
https-proxy-agent,<2.2.0
whereis,<0.4.1
metascraper,<5.3.0
electron,>=1.7.0 <1.7.13
insight-api,*
eslint,>=1.4.0 <4.18.2
bui,*
cordova-plugin-ios-keychain,*
npm,<5.7.1
mxgraph,<3.7.6
simple-server,<1.1.0
general-file-server,<=1.1.8
serve,<6.5.2
zs123,*
zhaolei1111,*
webrepl,*
tmadserver,*
stevenc4.server,*
starfruit,*
serverzyqzyq,*
serversyysyy,*
serverlyj333,*
rjpserver,*
paopao613,*
nodejsccc,*
nodejs_liamgb,*
meryl,*
lab6_agolotin,*
terminal-share,*
jiazhipeng,*
jacobj66-weather,*
hdsdhhksjd,*
gyfserver,*
zeroclipboard,<1.0.8
tiny-json-http,<7.0.0
electron,<1.8.2-beta.5
node-srv,<2.1.1
glance,<3.0.4
path-complete-extname,<1.0.0
stattic,<0.3.0
auth0-js,<9.3
angular-http-server,<1.4.3
clean-css,<4.1.11
diff,>=3.0.0 <3.5.0
simplehttpserver,*
anywhere,<1.5.0
mrk.js,<2.0.1
useragent,<2.1.13
hekto,<0.2.3
aws-lambda-multipart-parser,<0.1.2
626,*
ua-parser-js,<0.7.16
loopback,<3.16.2
zxyserver,*
yypsulie11,*
yxxserver,*
wuzhuangserver,*
wrlc,*
wenluhong111,*
web-server-mock,*
weathertest.bryceperkins,*
songcaihong,*
shenliru3,*
servewuqianqianqian,*
serveryyl,*
serverfff,*
rapid-httpserver,*
proxey,*
web-node-server,<0.0.11
nodeload,*
myserve111,*
iceman178.weather.cs360,*
cs360getcity,*
phpjs,*
content,<3.0.7
nwmatcher,<1.4.4
localhost-now,<1.0.2
uas-parser,<0.2.3
protobufjs,<5.0.3
emailjs-mime-codec,<2.0.5
highcharts,<6.1.0
kibana,>=6.1.0 <6.1.3
kibana,>=5.1.1 <5.6.7
kibana,>=5.1.1 <5.6.7
gatsby-cli,<1.0.9
knockout,<3.5.0-beta
simditor,<2.3.22
xingbaohai,*
willvdb_test_server,*
websvr,*
simple-mock-server,*
mime_web_server,*
express-blinker,*
easy-router,*
caolilinode1,*
caihong,*
binocular-lamp,*
saml2-js,<1.12.4
wicket,<1.3.2
bson,>=0.5.0 <1.0.5
marked,<0.3.18
cuiaiguang,*
wuzhuang,*
asset-cache,*
ptest,*
micra,*
m-server,<1.4.2
static-cling,*
html-pages,*
api-proxy,*
basic-static,*
hserver-static,*
sabu,*
awning,*
atropa-server,*
atropa-ide,*
aso-server,*
stattic,*
pico-static-server,<3.0.2
bae-nodejs,*
crud-file-server,<0.9.0
node-staticserver,*
server-static,*
butler-server,*
bruteser,*
canvas-designer,*
glurp,*
der-server,*
ex-http-frame,*
btnode,*
gfm-srv,*
getstats,*
gamebutler,*
fast-http,*
easy-node-server,*
dilu,*
isv-http,*
httpea,*
markdown-server,*
serverxh,*
lab6.1,*
less-livereload,*
lander,*
litedoc,*
censorify.matt.shurtz,*
zhanglina,*
node-http-server,*
node-static-webserver,*
server12311,*
fakelearnnodejs,*
servershuai,*
lab6-wclaibor,*
ussasasa,*
grunt-serve,*
grunt-fileserver,*
nitro-server,*
wenluhong11,*
my-sn,*
zhangranbigman,*
secure-servedir,*
servedir,<1.0.1
node-forge,<0.7.4
checkit,*
compromise,<11.5.1
github-url-to-object,<4.0.4
node-json-db,<0.7.4
mongoose-beautiful-unique-validation,<7.1.1
git-username,<0.5.1
node-cxc,*
truncate,<2.0.1
skeemas,<1.2.5
sanitize,< 2.1.0
email-existence,<0.1.6
datatype-expansion,<0.3.1
astronomia,<1.3.9
address-rfc2822,<2.0.2
resolve-path,<1.4.0
valid-email,<1.0.0
vue,<2.5.14
shaka-player,<2.3.3
xlsx,<0.12.2
moddle-xml,<4.1.3
harb,*
markdown-js,<0.0.4
converse.js,<3.3.3
pym.js,<1.3.2
public,<0.1.3
crud-file-server,<0.9.0
gifsicle,<1.90
node-pg-migrate,<2.23.0
gettext-parser,<1.3.1
deckardcain,<0.3.4
abaaso,*
html-dom-parser,<0.1.3
braces,<2.3.1
angular,<1.6.9
validator,<5.0.0
postcss-inline-base64,<3.0.0
cejs,<2.0.20180219
jasmine-core,<3.1.0
validator,>=5.2.0 <9.4.1
merge-deep,<3.0.1
defaults-deep,<0.2.4
assign-deep,<0.4.7
mixin-deep,<1.3.1
valid-data-url,<0.1.5
q-io,<1.13.5
nicest,<1.1.3
mimer,<0.3.0
jquery.csssr.validation,<0.0.26
htmllint,<0.7.2
dirty-json,<0.5.2
citeproc,<2.1.184
ssri,<5.2.2
is-my-json-valid,<1.4.1
sailsjs-cacheman,*
safe-compare,<1.1.1
html-janitor,*
@sailshq/lodash,<3.10.4
pullit,<1.4.0
hoek,<4.2.1
lodash.merge,<4.6.2
lodash.defaultsdeep,<4.6.1
dijit,*
lodash,<4.17.5
lodash._basemerge,*
lodash.mergewith,<4.6.1
cordova-android,<6.1.2
html-janitor,<2.0.4
electron,<1.7.6
next,<4.2.3
keycloak-auth-utils,>=2.5.0 <3.1.0
mathjs,<3.11.5
mathjs,<3.10.3
mathjs,<3.13.3
fastify,<0.38.0
redis-commander,<0.5.0
augustine,*
lactate,*
electron,<1.6.16
serve,<6.4.9
traceroute,<=1.0.0
samlify,<2.3.0
express-saml2,*
shiba,<1.1.1
kibana,<5.6.5
kibana,<5.6.5
kibana,<5.3.1
bootstrap,<3.4.0
bootstrap-sass,<3.4.0
featurebook,*
weyland,<2.1.0
showdown-xss-filter,<0.1.1
jsviews,<0.9.74
js-xss,<0.2.7
libp2p-secio,<0.9.0
blocks,<0.3.5
serve-here,*
node-jose,<0.11.0
kibana,<5.2.1
kibana,>=5.3.0 <5.3.3
kibana,<5.4.3
kibana,<5.6.1
mqtt,>=2.0.0 <2.15.0
passport-wsfed-saml2,<3.0.5
marked,<0.3.9
marked,<0.3.9
vue,<2.4.3
vue,<2.3.0-beta.1
ractive,<0.8.0
kibana,<5.0.0-alpha5
swagger-ui,<3.4.2
pure,<2.86.0
keystone,<0.2.34
botkit,<0.4.4
crypto-browserify,<2.1.11
jquery-colorbox,*
angular,<1.6.7
ecstatic,<2.0.0
mobile-detect,<1.4.0
content-type-parser,*
whatwg-mimetype,<2.0.0
auth0-js,<8.12
npm-script-demo,*
mathjs,<3.17.0
mathjs,<3.17.0
moment,<2.19.3
next,<2.4.1
ws,<1.1.5
cordova-plugin-file-transfer,<0.4.2
cordova-plugin-inappbrowser,<0.3.2
cordova-android,<3.7.2
sandbox,*
keystone,<4.0.0-beta.7
keystone,<4.0.0-beta.7
keystone,<4.0.0-beta.7
hooka-tools,*
discordi.js,*
static-eval,<2.0.0
ljjnodeserve,*
severzlt,*
nodeserver-jta,*
st,<1.2.2
aegir,>=12.0.0 <12.0.8
xbhxbh,*
wangshuai,*
tinyserver,*
nopach,*
nodejs.jseidl,*
jquey,*
electron,<1.6.8
electron,<1.6.8
electron,<1.6.8
electron,<1.6.8
electron,<1.6.8
electron,<1.4.15
electron,<1.4.12 >=1.4.0
electron,>=1.3.0 <1.3.13
electron,<1.6.1
coffescript,*
coffe-script,*
cofeescript,*
cofee-script,*
electron,<1.6.14
method-override,>1.0.2 <2.3.10
superagent,<3.7.0
fresh,<0.5.2
forwarded,<0.1.2
mime,<1.4.1
string,*
slug,<0.9.2
timespan,*
debug,>=1.0.0 <2.6.9
marked,<0.3.9
tough-cookie,<2.3.3
parsejson,*
pandora-doomsday,*
test-module-a,*
shrugging-logging,*
sdfjghlkfjdshlkjdhsfg,*
mktmpio,*
anarchy,*
botbait,*
ikst,*
subtitles-lib,*
npm_scripts_test_metrics,*
npm-exploit,*
deasyncp,*
harmlesspackage,*
maybemaliciouspackage,*
content,<3.0.6
dns-sync,*
no-case,<2.3.2
charset,<1.0.1
safe-eval,<0.4.0
fs-git,<1.0.2
ua-parser,*
pg,<2.11.2
mysql,<2.14.0
js-quantities,<1.6.4
js-quantities,<1.7.0
foundation-sites,<6.0.0
xxf11,*
tkinter,*
srverqq,*
sqlserver,<= 1.0.2
sqliter,<= 1.0.2
sqlite.js,<= 1.0.2
smb,<= 1.0.2
shadowsock,<= 1.0.2
servergmf,*
proxy.js,<= 1.0.2
openssl.js,<= 1.0.2
opencv.js,<= 1.0.2
nodesqlite,<= 1.0.2
nodesass,<= 1.0.2
noderequest,<= 1.0.2
nodemssql,<= 1.0.2
nodemailer.js,<= 1.0.2
nodemailer-js,<= 1.0.2
nodeffmpeg,<= 1.0.2
nodefabric,<= 1.0.2
nodecaffe,<= 1.0.2
node-tkinter,*
node-sqlite,<= 1.0.2
node-openssl,<= 1.0.2
node-opensl,<= 1.0.2
node-opencv,<= 1.0.2
node-fabric,<= 1.0.2
mysqljs,<= 1.0.2
mssql.js,<= 1.0.2
mssql-node,<= 1.0.2
mongose,<= 1.0.2
mariadb,<= 1.0.2
lzl123,*
lihuini,*
jquery.js,<= 1.0.2
http-proxy.js,<= 1.0.2
hechatroom,*
gruntcli,<= 1.0.2
ghod5servercs360,*
ffmepg,<= 1.0.2
fabric-js,<= 1.0.2
d3.js,<= 1.0.2
cxy,*
crossenv,<= 1.0.1
cross-env.js,<= 1.0.2
babelcli,<= 1.0.0
openwhisk,<3.3.1
http_static_simple,*
lab6drewfusbyu,*
goserv,*
section2.madisonjbrooks12,*
serve46,*
serverxxx,*
shenliru,*
simple-npm-registry,*
susu-sum,*
commentapp.stetsonwood,*
dcdcdcdcdc,*
cypserver,*
chatbyvista,*
caolilinode,*
welcomyzt,*
360class.jansenhm,*
yjmyjmyjm,*
gfe-sass,*
ikst,<1.1.2
tunnel-agent,<0.6.0
koa-static-cache,<4.1.1
contwidgetor,*
edp-package,*
web-debug,*
f2e-server,<1.12.13
http-signature,<1.0.0
semantic-ui,<2.2.8
semantic-ui,<1.0.0
jstree,<3.0.3
express-graphql,<0.4.11 >=0.4.0
crumb,<4.0.2
cordova-plugin-file-transfer,<1.3.0
cordova-ios,>=3.5.0 <4.0.0
floody,<0.1.1
cordova-ios,>=3.5.0 <4.0.0
cordova-android,<4.1.1
cordova-android,<3.5.1
cordova-android,<3.5.1
cordova-android,<3.5.1
cordova-android,<3.7.1
next,<2.4.3
serve,<5.2.0
next,<2.4.1
elding,*
wffserve,*
node-simple-router,<0.10.1
scott-blanch-weather-app,*
jikes,*
byucslabsix,*
dmmcquay.lab6,*
citypredict.whauwiller,*
frvr,*
innomon,*
connect-parse-php,*
hftp,*
mysql2csv,*
zjjserver,*
yzt,*
yyooopack,*
yttivy,*
mfrs,*
xtalk,*
ltt,*
xiongrui-httpserver,*
ltt.js,*
wisper,*
thrushs,*
wintiwebdev,*
thrushs,*
wind-mvc,*
whispercast,*
rtcmulticonnection-client,*
weather.swlyons,*
lam,*
given-html-report,*
wangguojing123,*
uv-tj-demo,*
parse-ssi,*
utahcityfinder,*
unicorn-list,*
uekw1511server,*
tmock,*
wenluhong1,*
tinyserver2,<0.6.1
tiny-http,*
tencent-server,*
static-html-server,*
sspa,*
sly07,*
shit-server,*
sgqserve,*
serverzyy,*
serveryztyzt,*
serveryaozeyan,*
serverwzl,*
serverwg,*
serverlyr,*
serverliujiayi1,*
serverhuwenhui,*
serverabc,*
run-this-place,*
ritp,*
reecerver,*
quickserver,*
qinserve,*
pytservce,*
picard,*
pidusage,<1.1.5
peiserver,*
open-device,*
nodeaaaaa,*
node-server-forfront,*
zwserver,*
myserver.alexcthomas18,*
myprolyz,*
mockserve,*
mfrserver,*
nodeload-nmickuli,*
looppake,*
liyujing,*
liuyaserver,*
lessindex,*
lab6.brit95,*
jn_jj_server,*
jansenstuffpleasework,*
iter-server,*
iter-http,*
intsol-package,*
infraserver,*
hubl-server,*
hcbserver,*
gomeplus-h5-proxy,*
getcityapi.yoehoehne,*
gaoxuyan,*
gaoxiaotingtingting,*
fsk-server,*
fbr-client,*
fast-http-cli,*
exxxxxxxxxxx,*
ewgaddis.lab6,*
enserver,*
easyquick,*
earlybird,*
dylmomo,*
dgard8.lab6,*
desafio,*
dcserver,*
datachannel-client,*
dasafio,*
cyber-js,*
cuciuci,*
craft-ai-icons,*
city-weather-abe,*
censorify.tanisjr,*
calmquist.static-server,*
badjs-sourcemap-server,*
22lixian,*
11xiaoli,*
rocketmake-nuget,*
ip,<1.1.5
rendr-handlebars,<1.0.0
octotree,<1.1
hotel,*
octotree,<2.0.11
ghost,<0.11.4 >=0.8.0
ghost,<1.0.0-alpha.5 >=1.0.0-alpha.1
ghost,<0.10.0
ghost,<0.5.9
ghost,<0.5.9
ghost,<0.5.9
ghost,<0.5.9
ghost,<0.5.9
ghost,<0.5.9
easyxdm,<2.4.19
bootstrap-markdown,*
windows-cpu,*
amqp-match,*
ms,>=0.7.1 <2.0.0
riot,<0.9.6
rendr,<1.1.4 >=0.4.0
rendr,<0.5.0-rc1
ql.io-engine,<0.4.2
polyfill-service,<3.1.2
nforce,<0.6.1
uikit,>=2.0.0 <2.26.4
mediaelement,>=3.0.0 <3.1.2
fullpage.js,<2.7.6
favico.js,<0.3.10
eslint_d,<4.0.1 >=4.0.0
datatables,<1.10.10 >=1.10.1
brunch,<1.7.7 >=1.7.0
actionhero,<15.1.2 >=13.0.0
actionhero,<4.0.0 >=1.0.2
mediaelement,>=2.17.0 <2.21.0
growl,<1.10.0
sencisho,<0.3.3
ec2-price,<0.5.0
guaycuru,<0.2.4
protojs,<1.0.6
microservicebus.node,<0.4.3
mongo-parse,*
kmc,*
mongo-edit,*
mongui,*
mock2easy,*
mongoosemask,*
mongoosify,<0.0.4
modjs,*
nd-validator,*
nameless-cli,*
m-log,*
modulify,*
m2m-supervisor,*
mobile-icon-resizer,<0.4.3
mixin-pro,<0.6.7
brace-expansion,<1.1.7
pooledwebsocket,<0.0.18
list-n-stream,<0.0.11
nodux-core,<0.0.18
dompurify,<0.8.6
dompurify,>=0.7.3 <0.8.0
dompurify,<0.6.1 >=0.4.0
dompurify,<0.4.4
dompurify,<0.3
decamelize,>=1.1.0 <1.1.2
useragent,<2.1.12
uri-js,<3.0.0
sync-exec,*
sanitize-html,<1.2.3
nes,<6.4.1
morris.js,<=0.5.0
summit,>=0.1.0
react-native-meteor-oauth,*
forms,<1.3.0
sanitize-html,<1.11.4
bootstrap,<2.1.0
hapi,<16.1.1 >=15.0.0
share,<0.7.0-alpha8 >=0.6.0
nodebb,>=0.4.3 <1.4.1
nodebb,>=0.6.1 <0.7.0
faye,<0.8.9 >=0.5.0
jspdf,<1.1.135
generator-jhipster,>=2.0.1 <2.23.0
generator-jhipster,>=0.3.1 <0.14.0
keystone,>=0.2.7 <0.3.6
ag-grid,>=3.3.0 <5.0.0-alpha.0
node-jose,<0.9.3
youtransfer,*
wysihtml,<0.4.0
zeroclipboard,>=1.0.7 <1.3.2
zeroclipboard,<1.1.4
vega,<2.4.0
squire-rte,<1.6.0
reveal.js,<2.6.0
rethinkdb,<2.1.0 >=1.2.0
rethinkdb,<2.1.0 >=1.2.0
pouchdb,<1.1.0
knockout,>=2.1.0-pre <3.0.0
foundation-sites,>=3.0.0 <3.0.6
swagger-ui,<2.2.3
foundation-sites,<5.5.3
concat-stream,<1.3.2
yms,<1.0.1
thelounge,<1.5.0 >=1.0.0
lets-chat,<0.4.8 >=0.3.10
qs,<6.0.4
quill,>=1.0.0-beta.0 <1.0.4
plotly.js,>=1.0.0 <1.2.1
serialize-to-js,<1.0.0
angular,<1.6.1
shout,<0.50.0 >=0.44.0
node-serialize,*
http-proxy,<0.7.0
uuid,<1.3.1
restify,<4.1.0 >=2.0.0
http-signature,<0.10.0 >=0.9.0
jquery-ui,<1.10.0
remarkable,<1.7.0
socket.io,<0.9.7
socket.io,<0.9.6
textangular,<1.2.0
textangular,<1.3.7
connect,>=1.4.0 <2.0.0
npm,<1.3.3
markdown-it,<4.3.1 >=4.0.0
sequelize,<3.12.1
yui,<2.8.2 >=2.4.0
yui,<3.0.0 >=2.4.0
yui,<3.5.1 >=3.5.0-PR1
yui,>=3.0.0 <3.10.1
yui,<3.10.0 >=3.0.0
i18next,>=2.0.0 <3.4.4
i18next,<1.10.3
ws,<1.1.2
marked,<0.3.7
validator,>=3.0.0 <3.34.0
websocket-driver,<0.3.1
sails,<0.9.0
sails,>=0.11.0-rc6 <0.12.0-rc4
angular,>=1.5.0 <1.5.9
angular,>=1.0.0 <1.2.30
angular,>=1.3.0 <1.5.0-rc.2
angular,<1.5.0-rc.0
angular,<1.4.10
angular,<1.5.0-beta.2
angular,>=1.3.1 <1.5.0-beta.0
angular,>=1.0.0 <1.5.0-beta.0
angular,<1.4.0-beta.6
angular,<1.3.2
angular,>=1.2.19 <1.2.27
angular,<1.3.0-rc.5
angular,<1.3.0
angular,<1.2.2
angular,<1.1.5
angular,>=1.0.0 <1.2.0
angular,<1.2.0
angular-gettext,<1.0.0
react,>=0.0.1 <0.14.0
react,>=0.5.0 <0.5.2
clamscan,<0.8.2
fury-adapter-swagger,<0.9.7 >=0.2.0
tinymce,<4.2.0
windows-build-tools,<1.0.0
mysql,<2.3.0 >=2.0.0
loopback-connector-mssql,<1.3.0
loopback-connector-mysql,<1.5.0
loopback-connector-oracle,<1.5.0
loopback-connector-postgresql,<1.3.0
mystem-fix,*
react-native-baidu-voice-synthesizer,*
windows-latestchromedriver,*
npm-test-sqlite3-trunk,*
alto-saxophone,<2.25.1
pm2-kafka,*
haxeshim,*
windows-seleniumjar,*
openframe-ascii-image,*
windows-iedriver,*
haxe3,*
windows-selenium-chromedriver,*
fis-sass-all,*
pk-app-wonderbox,*
healthcenter,*
arcanist,*
massif,*
roslib-socketio,*
adamvr-geoip-lite,*
selenium-standalone-painful,*
serc.js,*
google-closure-tools-latest,*
rs-brightcove,*
libsbmlsim,*
limbus-buildgen,<0.1.1
ipip-coffee,*
cloudpub-redis,*
mystem-wrapper,*
windows-seleniumjar-mirror,*
soci,*
libsbml,*
selenium-portal,*
tomita-parser,*
herbivore,<=0.0.3
mystem,*
wixtoolset,*
tomita,*
phantomjs-cheniu,*
fis-parser-sass-bin,*
poco,*
native-opencv,*
co-cli-installer,*
qbs,*
clang-extra,*
sfml,*
xd-testing,*
prebuild-lwip,*
webdriver-launcher,*
ntfserver,*
frames-compiler,*
marionette-socket-host,*
node-air-sdk,*
resourcehacker,*
grunt-images,*
slimerjs-edge,*
jstestdriver,*
cmake,*
node-bsdiff-android,*
node-thulac,*
redis-srvr,*
js-given,<0.0.18
grunt-ccompiler,*
broccoli-closure,<1.3.1
scalajs-standalone-bin,*
dwebp-bin,<1.0.0
apk-parser2,*
jvminstall,*
install-g-test,*
nw-with-arm,*
selenium-wrapper,*
scala-bin,*
mystem3,<1.0.8
headless-browser-lite,*
selenium-chromedriver,*
macaca-chromedriver-zxa,*
nodeschnaps,*
fibjs,*
atom-node-module-installer,*
pennyworth,*
node-browser,*
box2d-native,*
openframe-image,*
curses,*
httpsync,*
bionode-sra,*
dalek-browser-ie-canary,*
strider-sauce,<=0.6.3
unicode-json,*
chromedriver126,*
robot-js,*
openframe-glslviewer,*
grunt-webdriver-qunit,*
dalek-browser-ie,*
dalek-browser-chrome,*
air-sdk,*
haxe-dev,*
haxe,*
webdrvr,*
webrtc-native,*
sauce-connect,*
arrayfire-js,*
cobalt-cli,*
imageoptim,*
jdf-sass,*
fuseki,<1.0.1
mongodb-instance,<0.0.3
geoip-lite-country,<1.1.4
install-nw,<1.1.5
iedriver,<3.0.0
jquery,>=3.0.0-rc1 <3.0.0
jquery-ui,<1.10.0
node-forge,<0.6.33
jquery-mobile,<1.2.0
jquery-migrate,<1.2.1
clusterize.js,<0.3.1
ibapi,<2.5.6
prince,<1.4.5
jser-stat,*
ipip,*
cue-sdk-node,*
hostr,<2.3.6
apk-parser,<0.1.6
knex,<0.6.23
podium,<1.2.5 >=1.2.2
steroids,*
bkjs-wand,<0.3.2
closurecompiler,<1.6.1
apk-parser3,<0.1.3
macaca-chromedriver,<1.0.27
nw,<0.23.7
unicode,<9.0.0
libxl,<0.2.21
product-monitor,<2.2.5
selenium-binaries,*
kindlegen,<1.1.0
wasdk,<1.0.42
closure-util,<1.19.0
baryton-saxophone,<3.0.1
nodewebkit,*
chromedriver,<2.25.2
embedza,<1.2.4
pngcrush-installer,<1.8.10
ibm_db,<1.0.2
dalek-browser-chrome-canary,*
operadriver,<0.2.3
go-ipfs-dep,<0.4.4
mongoose,>=4.0.0 <4.1.10
bitty,*
ejs,<2.5.5
ejs,<2.5.5
appium-chromedriver,<2.9.4
aerospike,<2.4.2
selenium-download,<2.0.7
galenframework-cli,<2.3.1
passport-azure-ad,>=1.0.0 <1.4.6
ejs,<2.5.3
jquery,<1.12.2
node-uuid,<1.3.1
fernet,<0.1.0 >=0.0.1
rendr,<0.4.8-2
hapi,<0.16.0
engine.io,<1.0.0
life_star,<=0.8.4
hoek,<0.7.3
shout,<0.51.2 >=0.38.0
jwt-simple,<0.3.0
igniteui,<=0.0.5
waterline-sequel,<0.5.1
tinymce,<4.2.4
moment,<2.15.2
jsjws,<2.0.0
cheerio,<=0.8.3
jquery,<1.6.3
jquery,<1.9.1
jquery,>=1.4.2 <1.6.2
sails,<0.12.7
uws,<0.10.9 >=0.10.0
reduce-css-calc,<1.2.5
plotly.js,>=1.10.4 <1.16.0
plotly.js,<1.16.0
pouchdb,<6.0.5
airbrake,<=0.3.8
uc.micro,<=1.0.0
boom,<0.3.0
ckeditor-dev,<4.4.3
markdown-it,<4.1.0
ckeditor-dev,<4.4.6
git-ls-remote,<0.2.0
ckeditor-dev,<4.4.8
brisket,<=0.33.0
ckeditor-dev,<4.5.11
bl,<0.9.5
crossbow-lang,*
dustjs-linkedin,<2.6.0
nunjucks,<2.4.3
cookie-signature,<1.0.4
cli,<1.0.0
mqtt,<1.0.0
c3,<0.4.11
pivottable,>=1.4.0 <2.0.0
swagger-ui,<2.1.0
node-krb5,*
sanitize-html,<=1.4.2
ezseed-transmission,>=0.0.10 <0.0.15
jws,<3.0.0
fuelux,<3.15.7
jqtree,<1.3.4
swagger-ui,<2.2.1
emojione,<1.3.1
rendr,<1.1.4
tough-cookie,>=0.9.7 <2.3.0
jquery-ui,<1.12.0
swagger-ui,<2.2.1
gmail-js,<0.6.5
bootstrap-tagsinput,*
swagger-ui,<2.2.1
sequelize,>=3.4.0 <3.23.6
call,>=2.0.1 <3.0.2
ws,<1.1.1
backbone,<0.1.2
express-restify-mongoose,< 2.5.0
csrf-lite,<=0.1.1
shell-quote,<1.6.1
minimatch,<3.0.2
minimatch,<3.0.2
negotiator,<0.6.1
engine.io-client,<1.6.9
console-io,<2.3.0
electron-packager,>= 5.2.1 <= 6.0.2
npm,<2.15.1
marked,>=0.3.1 <0.3.6
sequelize,<3.17.2
sequelize,>=0.2.2 <1.7.0-alpha3
sequelize,<2.1.4
sequelize,<3.20.0
sequelize,>=0.2.2 <3.13.17
jsrender,<=0.9.73
droppy,<3.5.0
restafary,<1.6.1
airbrake,<=0.3.8
node-uuid,<1.4.4
request,>2.2.5 <2.68.0
riot-compiler,<=2.3.21
grunt-gh-pages,<=0.9.1
moment,<2.11.2
hapi-auth-jwt2,<5.1.2
i18n-node-angular,<1.4.0
mongoose,>=3.5.5 <3.8.39
hawk,<3.1.3
libxmljs,<0.17.0
is-my-json-valid,<2.12.4
mqtt-packet,<3.4.6
mapbox.js,<1.6.6
jadedown,*
jshamcrest,*
hapi,<11.1.4
mysql,>=2.0.0-alpha <2.0.0-alpha8
ws,< 1.0.1
bittorrent-dht,<5.1.3
hapi,<11.1.3
ecstatic,<1.4.0
handlebars,<4.0.0
mustache,<2.2.1
keystone,<0.3.16
millisecond,<0.1.2
bleach,*
hapi,<11.0.0
ansi2html,*
gm,<=1.20.0
dojo,<1.4.2
handlebars,<=1.0.0-beta.3
ember,>= 1.0.0-rc.1 <1.0.0-rc.1.1
backbone,<0.5.0
mustache,< 0.3.1
sanitize-html,<1.4.3
mapbox.js,<1.6.5
ember,>=1.2.0 <1.2.2
ember,>=1.4.0-beta.1 <1.4.0-beta.2
ms,<0.7.1
dojo,>=0.4.0 <0.4.4
tar,>0.0.1 <2.0.0
dojo,>=0.4.0 <0.4.4
secure-compare,<3.0.1
send,<0.11.1
ldapauth,<=2.2.4
datatables,<1.10.10
ldapauth-fork,< 2.3.3
uglify-js,>=2.2.0 <2.4.24
geddy,<13.0.8
jquery-ujs,<1.0.4
semver,<4.3.2
jsonwebtoken,<4.2.2
serve-index,<1.6.3
ungit,<=0.8.4
sequelize,<2.0.0-rc8
serve-static,<1.6.5
inert,<1.1.1
paypal-ipn,<3.0.0
fancy-server,<0.1.4
nhouston,*
remarkable,<1.4.1
validator,>=0.1.0 <3.22.1
dns-sync,<0.1.3
validator,<2.0.0
bassmaster,<=1.5.1
send,< 0.8.4
express,<3.11.0
qs,<1.0.0
qs,<1.0.0
crumb,<3.0.0
syntax-error,< 1.1.1
hapi,>=2.0.0 <2.2.0
hapi,< 6.1.0
yar,<2.2.0
printer,<= 0.0.1
st,<0.2.5
libyaml,<0.2.3
marked,<0.3.4
marked,<0.3.3
marked,<=0.3.0
codem-transcode,<0.5.0
validator,<1.1.1
connect,<2.8.2
js-yaml,<2.0.5
libnotify,<= 1.0.3
hubot-scripts,<= 2.4.3
ep_imageconvert,<=0.0.2
tomato,<0.0.6
